sample_index,c1_m,c2_ratio,c3_ratio,c4_ratio,b_total_m,b3_ratio,split_ratio,sw1_deg,sw2_deg,sw3_deg,twist_b0_deg,twist_b1_deg,twist_b2_deg,twist_b3_deg,dihedral_b1_deg,dihedral_b2_deg,dihedral_b3_deg,elevon_start_frac,elevon_end_frac,elevon_hinge_frac
0,0.9188206615145054,0.5881024264375143,0.3728694584313555,0.1333919479710208,1.1351564175645081,0.4509323475877837,0.4498206538203705,-20.45537723957092,-16.11304805063819,-19.38376919991522,-0.32579966239890756,-1.8402004126728866,-4.325618768327627,-3.173831814641054,0.0,2.7896555866087116,5.50751394079322,0.5564152743441878,0.9655908341312822,0.7742730361808733
1,0.9929357579434615,0.7802887251591635,0.5005963820515685,0.0924379032332939,1.1512081945436954,0.4224688369505609,0.4072941435962867,-24.77934330417859,-26.611323529744432,-12.417342963259605,0.8227015958443504,-0.2858259396730656,-2.184855162902619,-3.7376285828785862,0.0,0.9002336487828679,3.044526546599939,0.6266409097711269,0.853660492695074,0.6705724395864525
2,1.0606092484108527,0.6054910866642865,0.5318629703208222,0.19466372456289355,0.827807446972072,0.45682155407787683,0.5059564088615291,-29.776934712377802,-25.103412322105644,-10.244841782712582,-0.7487295352606093,-2.6744843736323594,-2.066883044658772,-2.2380444534051795,0.0,4.945209771271478,0.9782761348056102,0.6565564343034428,0.8818051499963198,0.7358278695399185
3,0.9458843848245726,0.6467885178240396,0.3238065794387828,0.18893840620488583,0.9605580018412462,0.44752684311009056,0.4579058449369711,-31.588945918099753,-29.187376565859225,-18.518527522427405,-0.9045961377292429,-2.7800796900916094,-1.008031083133638,-2.7752754026070248,0.0,1.796550277154009,9.545121529415727,0.6104958939833217,0.9510252322558983,0.7468022657476436
4,0.8529076373962036,0.6637214601133788,0.3294981117912802,0.10980356514866028,1.0896519230879458,0.499247966985051,0.42131103547668614,-39.457893445651465,-29.520553339705437,-15.412238929158592,0.081426090683697,-0.13893034340098964,-3.545548044045893,-4.499658582444811,0.0,3.8778091181564625,4.510332285770849,0.5764449645042575,0.8867349932186549,0.798367450485523
5,1.0735240849043861,0.5682898226295771,0.4052961964430426,0.1991458738945855,1.0055603518549936,0.5008798832116004,0.41081631333646207,-33.88284573496905,-27.9811427893024,-9.557385013120198,0.4430706309267409,-2.983581514763854,-4.709367623468998,-3.6362910879858843,0.0,4.365599100689769,4.41169472330892,0.5982958938266094,0.9718294015937651,0.7759454479897312
6,0.7414831920969303,0.7411347422051908,0.45070977109466015,0.13410093840146825,1.140553147337811,0.4309131116933474,0.4857079687522945,-27.919747007162776,-25.891300880984026,-15.94638297903589,-0.8678727431956893,-0.6608786951641137,-2.672883500468154,-2.469527772102393,0.0,2.7162682731741055,1.1186662103695428,0.6311476906040492,0.8879209227687693,0.8168679225725903
7,0.7147894721162374,0.5831561512898072,0.3619063303676766,0.16782992361159527,0.9252053954665242,0.47043899852145343,0.5192896383887186,-33.18016860588024,-34.63820607949865,-24.71035187336588,-0.2851201055461001,-0.11475577841301021,-2.6986700076067316,-2.578872771564468,0.0,3.33427279148112,7.802829230563812,0.5473680002071221,0.8582387366182997,0.7780290792856471
8,0.760908954887139,0.5510877426500076,0.42823839756336024,0.16207826300804185,0.9475804390062856,0.41953471014187294,0.5251719227481921,-34.15696434507426,-34.40511657537823,-8.558400385258306,-0.30728879291979627,-0.5745063240658492,-4.138771068357591,-6.108681193152917,0.0,2.293953135746584,0.018152310810969373,0.5383220913656399,0.952938929690813,0.6526455713696311
9,0.9426736118471619,0.7044619086231305,0.4048779866500096,0.16475699868843768,1.0371566351007322,0.5363118627097834,0.5848469907893593,-39.39468444700054,-30.97649912354948,-17.83267739179346,0.290442501858063,-2.3980515966237017,-2.3186876000200907,-7.8159706593359015,0.0,4.047864097579032,3.5799512605718227,0.6810979090653889,0.9743978411950367,0.7816378605467857
10,1.0403601914431027,0.5593715200486424,0.43360578531766975,0.16390080520706202,1.1250462989091057,0.47147877880112904,0.4266530936853436,-32.56477234016538,-16.963438245913803,-23.35181457671714,-0.23100935517752963,-2.48468995766636,-2.6154756232402345,-5.956476879100991,0.0,3.7497938938288313,2.994480517194404,0.5213470274294505,0.8989403551494758,0.667063427497085
11,0.7785266575964882,0.7011684540038883,0.3541780785332715,0.19878149369771797,1.0513017427170763,0.5468319832429085,0.5415950216713615,-24.961358335510972,-21.19017647124999,-10.91400859001999,0.21548834409138662,-2.3225481810612383,-3.1147699274649474,-3.120521379973379,0.0,5.654758861091437,4.821663343820587,0.5421199816691706,0.935489328044876,0.7606216596501053
12,0.9856341145748986,0.5979481707703944,0.43979610473878894,0.10236906636150339,0.819371571826454,0.4382014603849399,0.5115251801839252,-25.135782874717627,-31.939647026660612,-13.919424078298475,0.8538708093917344,-2.176659359159678,-4.987043949491229,-2.0958035850241794,0.0,4.211902977796893,1.2497025846217482,0.5162983683677727,0.9749250483000188,0.8123853100335305
13,1.0883505996772644,0.6815849377792027,0.45999776182618557,0.1585985803502378,0.8695127698460962,0.4485092166313134,0.5823527127600161,-39.190108172570795,-20.969279633492448,-15.678740120361457,0.003382694147657128,-2.4217490687810925,-3.3462939881586546,-7.200790341866428,0.0,4.9195859317630575,1.0206272903405347,0.6494200018824451,0.9019190170622967,0.751998995173159
14,0.8058668840149081,0.5741541531579194,0.5230044552767976,0.12338080756857589,0.9101792137570908,0.5213441831236355,0.4233258194284202,-28.200664557696168,-18.38188418829291,-12.371988919062103,0.42521407562671887,-2.924834915419288,-4.5830537951779755,-7.51435872786987,0.0,1.8570398904881693,1.7080785363937812,0.5300689419856656,0.9695536771108295,0.7856622931834173
15,1.0106476660589077,0.6082758091822503,0.30313345838459793,0.15429146269264565,0.8339598721257069,0.5387962755914317,0.5933053734697384,-25.720494995089,-27.62653939189976,-21.100413629442222,0.928936776848283,-2.0759174324936334,-2.599435010660927,-4.226718274506347,0.0,2.569155563133599,9.78264105499727,0.6581990192857309,0.883908630641793,0.7083505059041878
16,0.9007996328099004,0.7050445919599425,0.3999665788623108,0.1042508691903227,0.8107772078204171,0.5262692381085192,0.5475486718023661,-27.28462780830048,-16.26542932106302,-5.603402565692818,-0.04194214624739434,-0.30453064732125457,-4.880878170168481,-7.5406724364368,0.0,5.313927954976575,1.6837383478305425,0.6755817302617265,0.9368959757132554,0.8102969749860864
17,0.9302749647838117,0.775711800205845,0.464125312538897,0.14821337464794462,1.183095595432135,0.5216505934684748,0.48088788577279196,-30.87790298653164,-23.984512782947913,-13.463734105462063,-0.8468303846321341,-1.5886211025197958,-3.7730074899037653,-4.7083792465530925,0.0,1.7044113503634497,9.281251634024796,0.6030357571513372,0.8632885379268812,0.6969110962559076
18,1.0580041791004136,0.5719300310802775,0.45459224144915233,0.1598376932492055,0.8012068603081333,0.5296747889499163,0.5661392812731828,-29.476086148737934,-19.239883275865232,-17.778268579347547,-0.09717945400099959,-1.499446865913744,-2.8402876817091824,-4.661096138887798,0.0,2.931653170111259,0.2706695921313226,0.6063140509946684,0.9540010720018851,0.6860877349935259
19,0.8445196860213419,0.5818669740283726,0.3427192725297769,0.10004648763858082,0.9703026422541327,0.4682222370104895,0.45540278220248687,-20.98107204635012,-22.15625915476967,-24.127837887716495,0.901481411054774,-2.8099935022056495,-1.1962691637870266,-2.994130942571534,0.0,0.3971949588110463,5.483586297126929,0.6046727621761134,0.8611914501519673,0.7396857001768958
20,0.7270445588079614,0.7120735715372069,0.5123194885754307,0.19598492289137887,0.7879537239708189,0.508444049294365,0.4445670415331985,-31.147038564535684,-15.212666061626976,-18.701137093293077,0.06240221260202783,-1.2986488253724184,-4.027943974531192,-4.614786651258053,0.0,4.517463021147039,4.064859679147043,0.673220814638867,0.9661057335741597,0.6747610381299084
21,1.066785281500311,0.7431195989073784,0.49262914479253606,0.16052597565907528,1.1938646869406764,0.41680659605062215,0.4946682225339175,-27.735212666212476,-21.352727912923292,-11.837105224793813,-0.9923443367443949,-0.9622293999378981,-1.889734022903335,-6.479276996409831,0.0,0.06094819434979778,0.3575294952628502,0.5666431682057389,0.9119753267996226,0.7207858425519256
22,0.9231229161240879,0.7678596798324279,0.36591048004443016,0.1464061477799568,1.0902428464492346,0.4230657170205335,0.5539972190300239,-31.93592055928054,-26.831569068896627,-17.241399004208073,0.6859003841742477,-2.1278460857291988,-1.8403676093779553,-3.782052491350009,0.0,4.850780581019398,4.663779004013458,0.6382563641463656,0.9729810463558652,0.695831458072596
23,0.8617486076754893,0.5662971459009661,0.37734031865843937,0.1975637781400467,0.8932646106328199,0.4071744401950392,0.4932644050002297,-25.483049459439012,-15.162419284192705,-7.325691358318728,-0.8195109831823597,-2.5633805662254945,-3.581339629474466,-3.9375089307944524,0.0,0.6555709317764918,9.868384468433408,0.5848365546384567,0.9525159648305951,0.7426146784419112
24,1.0360908482925355,0.6503276443788933,0.35974591636840386,0.18646483513606205,1.1481007464331414,0.4275919448322252,0.5773269065144582,-30.21406667581609,-33.19282022279853,-13.164907550684182,0.9617342296728639,-2.201803009944137,-4.797931140333344,-2.924109927197554,0.0,1.0400615536030435,3.3991000248076486,0.6182015230422427,0.9204475453560662,0.7537805184146088
25,0.7662183391480633,0.6230741400749972,0.47944191985173057,0.14246973017806575,0.9810351027076241,0.5022404680374735,0.565961642291066,-37.52292610382858,-19.674802088660183,-9.924336397155244,-0.4493741449036279,-0.7571094210966978,-2.349043753255758,-6.582382859574064,0.0,4.302997365403639,7.9558674296475065,0.632366636323739,0.9697853426670252,0.7532217724415577
26,0.8965590099344373,0.6253295555444663,0.36828609995051065,0.18795585346825927,0.8473812865429337,0.5151585294815119,0.45922012096577436,-37.68775538642199,-28.737869162983785,-20.40023407253327,0.1426508416190284,-1.4206797179565038,-2.03641074889035,-5.692497422530309,0.0,5.127172209942721,4.735141085139953,0.5919153868160308,0.8644480794312647,0.7129571369476166
27,0.8855499135161207,0.692415579780358,0.5429826037271723,0.15182241862025742,0.8549735087446751,0.5481660380699915,0.416183447358118,-33.7609026980836,-23.21386310229108,-10.549393050014064,0.6061533093275806,-0.8422511258187915,-4.1844044212450955,-2.175981319212081,0.0,2.0852076323661803,7.1731029873148415,0.5360149659922135,0.9262955661103854,0.6831110408726205
28,1.0191355928364256,0.6666571605319089,0.5095024096341042,0.15052235310735126,0.7745453240721147,0.48710773321075435,0.581665058569848,-22.107636417710054,-19.89255622326113,-5.015330606454839,-0.42441460112850404,-2.6331639664034148,-3.318440824898507,-7.8376836554313405,0.0,3.5573131804176574,6.759585795073098,0.5118457287258504,0.9631739871627669,0.6986908226891175
29,0.8732494665655282,0.755166397142388,0.5046235221073077,0.08329123108007011,0.7932671960450475,0.4118559599363171,0.516480452552298,-21.86824931803666,-33.31378472847241,-24.351849385757145,0.7113766761076863,-0.9539595504284186,-3.0477222310258387,-5.316594117897363,0.0,0.2896064896808327,6.549246291700044,0.608023618176358,0.9055245116376524,0.6640605646687567
30,0.962214317602632,0.6178597437563782,0.41921524091276363,0.13230373420761776,1.2365919955891422,0.472743259834943,0.5725412643045418,-26.30126558474587,-22.992964803563115,-16.119667673198123,-0.06055307504132801,-0.8114421362975728,-4.636371929356401,-7.137899350147619,0.0,1.0899595746892217,2.8072454973595873,0.5649435830147876,0.9394099791714439,0.6800833978079421
31,1.0526450871161344,0.7603654331104818,0.32690980847501644,0.15510454872864438,0.9552548024128744,0.45880313215246826,0.477750215226645,-20.322180657695583,-34.919001187700836,-8.801184445509524,0.31425499387522593,-1.6392100111900016,-2.268825807512251,-3.291701588562537,0.0,1.419154035106025,5.0686849565766465,0.5681717724188752,0.9152108339154269,0.7571433526587323
32,1.0825211303724755,0.6291941466840322,0.34029275891475025,0.14080424390642163,1.1629509769138306,0.4753786544358244,0.49982534367051107,-21.689120195324048,-31.212825179597786,-15.331071822697677,0.257643501406579,-1.3567005469233384,-2.2322823305402606,-7.619659048545604,0.0,5.974489243874407,1.572401225218435,0.6285669311004867,0.8996426997537657,0.7925429125446027
33,0.8793290392055808,0.6404994391291502,0.5456768968782946,0.08858433547887276,1.1102368701000274,0.48870669030389174,0.4473494730946986,-23.473370163571058,-23.510785421415953,-19.196838888911973,0.11979646138409739,-0.08341261223393692,-1.5026260300709877,-6.025412145408947,0.0,4.414492142521663,5.673983109403851,0.6776437614415437,0.9570600162311204,0.6755730577135998
34,0.8407578854363371,0.6200348407192705,0.49950370452714854,0.08702785762828948,1.0734162917882941,0.47694216092436187,0.43449336075445233,-35.95754457223185,-20.78733430425949,-18.904559873343416,0.02423544326932614,-1.2869160691156576,-4.499903480254762,-7.403008917205049,0.0,1.8846721906229336,3.935472532119655,0.6621327056075411,0.9217509097970064,0.6877209241263682
35,0.9721232713382718,0.6337658248290516,0.4866406725983187,0.16680662676273153,0.7666267136525834,0.5186809830061656,0.46325095631382784,-29.375606207158075,-18.827172634161453,-24.43588858347203,-0.6930344823307708,-1.5086577195687079,-1.322830310239754,-5.247838290387289,0.0,0.7846044255935818,6.377039538318132,0.637301624530088,0.9618913033821527,0.6661312583760853
36,0.8229790486236312,0.7939778595402774,0.3959408986837021,0.10659650156510996,1.0816536787102744,0.5427418810942779,0.49648841000153177,-38.04841793625343,-15.655618644097466,-10.713496881351524,-0.10842781406374957,-1.5494336251930463,-1.3162263398944138,-2.6491576282539917,0.0,1.960043813285928,6.26794852182581,0.5551885888560276,0.9472751104189904,0.7123298883245746
37,0.9808583386912781,0.7265077678933469,0.39369842391031135,0.14403993006191915,0.759484983993865,0.5076026941412795,0.5316321120335057,-39.88981824630192,-32.60129140064263,-10.045630131354171,-0.37945635733004823,-2.440323814170515,-4.940808059889794,-7.924801543957662,0.0,0.5473373722321692,1.8882077709438103,0.6537501997941229,0.9449827626661145,0.7341356618044729
38,0.870801060408009,0.7077728599919144,0.3466446582126013,0.12256319232102848,0.9197988726116461,0.4823524627803497,0.4720464551646935,-38.31626878253704,-31.61940216931877,-16.801035157275827,-0.5989823853090996,-2.6566115298425865,-1.802858952997707,-4.807023841412147,0.0,3.8332657005428334,0.836056511077585,0.6612125012389003,0.9448948204816333,0.6700668019724473
39,1.0498475089210055,0.7285314289231842,0.3189310762850846,0.19247889620359257,0.8640731922155894,0.5308678884595348,0.4792204548888665,-28.636038228352394,-24.722731708555365,-19.50781372178538,-0.16223882609970264,-0.8096384441095221,-1.6490424224544937,-7.067769641100391,0.0,0.153455009809583,6.6061304065773445,0.5154087937579549,0.9036317424659815,0.7474425957520044
40,0.9146594034263682,0.693990106383086,0.33399898360380653,0.13549240094486686,1.2095939684045134,0.4526483867576573,0.5871043698571187,-31.32852607529959,-16.469361622995436,-11.544758527308687,0.8734950071276046,-1.8082554953325938,-2.3903900420688142,-6.776844722512207,0.0,3.295909457447719,1.4225297338782332,0.5413482886017863,0.9682768999067156,0.6903977991993454
41,0.8126171579682702,0.6788879951058171,0.4804955105680323,0.08157667204376239,1.1156910268581925,0.49314546683305827,0.41933497984629353,-24.128265441694417,-24.18204935294976,-6.717990242616999,-0.9339735928467476,-0.001722947990569601,-2.8914565356037034,-2.330222675430246,0.0,0.9867154023321623,3.8754090560185572,0.664482586903379,0.909322180105098,0.7694962204825929
42,0.8586792559787301,0.6014984569788021,0.38638248266313224,0.14211548362284743,0.899776747140939,0.4637026249618702,0.471370855441522,-35.02194720763528,-25.40563923627066,-9.632974841783854,0.23261824015545307,-2.0046418747290864,-1.4493249772757122,-4.937814188259027,0.0,0.05973331797514657,4.151404819603886,0.5796297518853707,0.9763451281022248,0.7708087533220941
43,1.0226572541613095,0.7155816018549161,0.5167453019599466,0.1841137190758208,0.9025636603215006,0.5398726096057985,0.5337211398385887,-24.282133766774507,-19.07644221829888,-21.213999330529056,0.812470927392855,-2.890899891602511,-1.9989918021149538,-6.844727041122363,0.0,0.22506052517295347,8.02825344012867,0.5720223735061738,0.9077866885938463,0.6628401221107855
44,1.0011255355680881,0.6827647435093769,0.5371278277494049,0.11653789473590523,0.9205150134206508,0.5370089832186049,0.5543851816464618,-38.87968830950879,-29.686510377290137,-18.089567459339115,0.27276935055529483,-2.587219766999328,-1.38766161510009,-5.532406172472562,0.0,1.6253240695804734,2.610052200141671,0.6418611885417538,0.8548406271603193,0.6618513103409454
45,0.7311442572211078,0.7520414219085598,0.5144302709977611,0.11496991506628254,1.226807680393196,0.528120351896965,0.501847748998997,-29.029523536413947,-20.017510240740872,-17.030432626555267,-0.8932628691233346,-1.1687234454705968,-4.072540668209766,-6.407965662036657,0.0,1.1670654096482345,8.159672635043192,0.6984897094943874,0.8691892388733721,0.7891396861452936
46,1.0854472504422137,0.6707161155672052,0.4700724987580112,0.18257300704835328,0.9312303330575247,0.4091569226452072,0.4909796485121849,-30.422326909387433,-18.530419844848684,-24.83698538075625,0.3469212764580947,-2.7243386336991327,-4.205780985463285,-7.946097476963637,0.0,3.05412898010454,4.313522136200399,0.5243099703562121,0.8928471930540098,0.7021970021136028
47,0.7057555137590081,0.6995109022890325,0.3023650676570433,0.0903210084895341,0.8739379491811468,0.4083549007279623,0.5268199647764501,-23.013444076068602,-22.768495331736503,-6.227637116436796,0.5953004881035608,-0.46284474070436676,-1.5241798169121243,-6.22474883044665,0.0,5.510441770232026,7.21838081238785,0.5334177241568816,0.9774996302598862,0.7150685795868417
48,1.0772060483565915,0.7729138293068383,0.4616642118402664,0.12955047119637744,1.2122722871514933,0.49232934738109674,0.5638658015648265,-33.46409459815821,-32.89307984974214,-11.75294872231687,0.7510857117145286,-1.2118978212753717,-1.209196371273645,-6.297267922619122,0.0,1.3060596619619245,5.798844741383192,0.529708785581987,0.916732090275547,0.7838030575471361
49,0.889153312415721,0.5873420328763345,0.534075029611441,0.11478838599719153,0.9919706288858905,0.4055967039649792,0.5284377132175893,-34.704781648664266,-23.644026031225536,-13.361615767717783,-0.9423294032715258,-1.2457493266798694,-1.2402292328334688,-5.202263118970233,0.0,2.1686494289352813,7.703994646561764,0.5451795799677117,0.9319558449155884,0.7005068748428424
50,0.9040294490790041,0.7589860841593912,0.3164123765286811,0.12668852434658745,0.8389191205468786,0.480815066195897,0.46879935227032726,-30.180033788564643,-24.90871922841963,-19.641709702438476,-0.3953850738946556,-0.6276553158034384,-4.379818190411843,-6.976362155468635,0.0,0.46180349671647325,7.669350542435605,0.6179395874155014,0.8664571084546914,0.7936610046278472
51,1.014228128609365,0.6748120210732801,0.3703940291215625,0.19024016172591435,1.1035577902079838,0.44106580897432457,0.5979988438184484,-34.38810266156333,-29.81685102842426,-16.422020198585535,0.5615548933385008,-1.7251780918901467,-3.749460982872427,-4.568713746312719,0.0,4.612897033274572,7.316575294684235,0.6514322618819857,0.9594419803803355,0.818475967456127
52,0.799113533988295,0.5777361666701538,0.32116496288245305,0.12827942274193244,1.1309416098740568,0.5184123082851072,0.5074899830515593,-36.38678415781612,-27.45843122111971,-7.720953069248221,-0.6593821432592794,-0.4453926066274163,-3.666045573918144,-5.654432872752396,0.0,5.54379316336973,7.404496424249882,0.688420174247647,0.9180306263784047,0.7096789379094313
53,0.9585388732800024,0.5953832107915613,0.307737622993911,0.12132053483278712,0.7776477102764253,0.4151497937157411,0.46051021386205476,-22.286413153914303,-18.610231378598844,-8.296217071502582,0.5066040259119546,-2.827524775280534,-3.2350424778223648,-3.9816757893721464,0.0,2.3799631379561488,0.15296252409594838,0.5943071557338955,0.9140546867696794,0.7598193521291718
54,1.0468894374023858,0.6367356560891073,0.49651481294411937,0.1205063962073537,1.2480036695943133,0.48547355002465686,0.45308415806990143,-37.834677703068415,-28.34279053963192,-6.0715495162863995,0.41593143459605386,-2.2545362366059174,-4.080938917343394,-3.6174094864965864,0.0,3.5005561413990165,5.884659821628782,0.5507303694060421,0.93717386298192,0.6845757825768153
55,0.7505754604803226,0.7879366036773396,0.3115404142500603,0.11118695960322034,0.9970830481653458,0.5158102202912711,0.4866444313476459,-25.92385352775657,-33.51419477572852,-5.861919609096901,0.4649270448356646,-2.146714454363043,-1.6094097324826944,-2.6969189916403193,0.0,5.346356541419458,8.795586053418894,0.6552272108700938,0.8699111579903405,0.7287996662821591
56,0.9325591879925107,0.7144920427208129,0.44749258664459396,0.17804364015883867,1.1992774577089529,0.44524430725083186,0.41288010021646715,-32.37306159501533,-15.954270879467579,-14.388410931092373,0.17654509191181478,-1.700991842635724,-4.522795779229995,-3.456230294728341,0.0,5.084674785571082,9.373635409714701,0.535998780073029,0.8905540454649338,0.7654927411180386
57,1.0924720236084822,0.7851384885229107,0.4311463702044964,0.12685357890676913,0.9422755892120588,0.43740307205434975,0.40483860197585564,-23.214646121702202,-20.560975151781534,-6.5041165850388225,-0.5050786404208127,-1.9154988126525536,-2.793485737950292,-5.566279449517228,0.0,0.8516776926962952,3.1675344470676188,0.6018267622131241,0.9307278115684636,0.6564632416169343
58,0.7682552690244167,0.6885477857982908,0.5287613274754825,0.1743181726298693,0.8583729873848951,0.5330653678020041,0.4240395328906854,-21.535856890661186,-24.527680194085466,-21.926145431731804,-0.021562049870015976,-1.7820171957426019,-3.944326491603598,-4.387738427287301,0.0,5.603645045364916,7.032877991130572,0.5633336665713808,0.8598942462819417,0.7040936788839157
59,0.7918827920975796,0.6584939454845624,0.3558340943958206,0.09094360706703787,1.0150061653125595,0.45741717003530724,0.5149129043890286,-28.19116497941117,-23.07755579828121,-11.147080478930768,0.7922067077758035,-0.995267533719495,-2.435670022341006,-7.757674920108294,0.0,0.5315379749816058,2.7315764477846094,0.6971881919739024,0.882561715546663,0.7490350964391972
60,0.8499028197049038,0.6119435120956029,0.4496980000607694,0.08764671388782987,1.027447510032536,0.47366603811104446,0.5588456006650936,-26.604273171219912,-30.368848465805083,-21.75280054747589,-0.013356739045930932,-1.067582090428362,-2.106439690375885,-3.3346098171363616,0.0,3.985715575095055,5.957966471931005,0.508115202100758,0.8741108574983126,0.7325843452339383
61,0.9502609444259248,0.6149295660651525,0.48477659556782726,0.14897908701030477,1.0673993170027554,0.5347770019741034,0.4405503050512034,-39.63429061503224,-26.574612948641814,-17.55496446677889,0.12148115366738144,-0.7208939528229044,-1.4077440508481645,-3.04869714714885,0.0,2.989384056994105,9.646279893781678,0.5975533773526985,0.872689698431991,0.7792211916217244
62,0.8378782232451032,0.6573189063775163,0.4200307567147215,0.17916052372768312,0.9669225218899496,0.40227552923027415,0.5442766581402321,-21.330853838847474,-29.310996789029204,-12.747057657876093,0.38339428210197135,-0.6434902948290708,-3.1301155650925034,-3.2308372850263476,0.0,4.663764627575959,8.243460417568096,0.5131356227707087,0.9235042601431622,0.8052972944615917
63,0.9550599954296641,0.745591655907494,0.33779933397125284,0.10583010596356071,0.8421919312929209,0.4513653951180379,0.5890015322981605,-28.494787894622796,-21.404561454017127,-8.792271138034625,0.7257966822769899,-1.0963531679480207,-4.659837443737418,-2.780299434960572,0.0,1.517723447682591,2.3525093233344867,0.6661214143692038,0.8972309166207568,0.7238157933520927
64,0.7577736567953093,0.7723024261812187,0.5051430798503832,0.1526057497794842,1.2439960676112074,0.4268313566327321,0.4890890968040827,-22.50979069996295,-26.240842286966604,-9.08576652758885,0.9481807026409146,-2.0432084254574026,-4.441154593927907,-6.897867297155752,0.0,3.6649456793674275,3.4161782457792262,0.5591262710871702,0.8811539555657671,0.7555052053109435
65,1.0697846251022962,0.7825528700408412,0.45526604882967847,0.09882519805899931,0.7514227043755591,0.5454100285162113,0.44227730899246687,-25.374389477890446,-22.5588360413974,-14.940740073909303,0.5337209973901178,-1.1926330188357164,-1.779831225778489,-2.374155436794722,0.0,5.873709847066425,6.811902414998217,0.6831260215201727,0.8563298194316741,0.7409448652527821
66,0.7830323509603415,0.7493650357006086,0.4270634987779908,0.17111295255020484,1.0973038480261978,0.496925134268616,0.5782236896047613,-37.09561630584615,-17.245845357266926,-16.337130411474018,-0.25047732357819186,-2.5493653196573014,-1.0491925220222327,-7.355089131986414,0.0,3.9312585379653466,7.587323993635389,0.5533945645919732,0.9100073409932891,0.8017125458730235
67,0.8278700389297369,0.6750621487284657,0.4427764710274903,0.1176710872590103,1.1700237069645594,0.523396809716727,0.5959840840110561,-26.965931761268294,-32.39192015423157,-12.83760235969789,-0.19596930049215233,-0.8994641712247446,-2.9757387159836823,-7.287423966018452,0.0,3.1126486188734557,5.338541423144142,0.6956584422824061,0.9401895003526355,0.7249532923600321
68,1.0312560815386642,0.5622269812271964,0.5492747617432033,0.12461711198267705,0.8214162346662506,0.4323714840606221,0.5205786402722047,-36.93705007628712,-21.89684886474239,-14.01014129539815,-0.6010970342465846,-0.3381065769886864,-4.722183337102402,-4.417773338327587,0.0,1.2241422529903312,2.0869684295706965,0.6430114493989082,0.9023923313419487,0.6593033749685421
69,0.8334818388241395,0.7967017863169988,0.3519358035403546,0.08579260810942482,1.1858137174305248,0.5136400224576161,0.46464098232335604,-20.15709220548797,-34.38385294399945,-8.038011852711023,-0.2071912157579271,-1.1332922903737184,-2.4784175916643925,-6.664286217526116,0.0,3.1937001738979154,9.121999343932725,0.6138280401265626,0.9794853744667822,0.7435450144722184
70,0.7325124545307021,0.7335647052159338,0.4875904067762368,0.15662032915860047,1.1792668472967118,0.48397685291237613,0.48387187499887147,-20.766787473517205,-32.408258494805615,-22.5738219338299,-0.795596842176954,-1.0446999905601853,-1.9519154279937414,-6.333688367549365,0.0,5.413546511643976,3.704887537685087,0.58033728976361,0.9194904327152129,0.807291934766054
71,0.8832190574299872,0.7246693473844401,0.411592684709978,0.09652652586962551,1.043902905687633,0.5413671947523253,0.509529334457124,-32.71545319314559,-21.612764613671963,-19.81827835068887,0.8936517624443376,-2.5105091562798987,-3.485895091238422,-4.148012304160512,0.0,0.7701719850574664,8.60540543116186,0.5759732518350499,0.9580609235304522,0.8036233688541375
72,0.7753105246879703,0.72151503955175,0.38984034996709616,0.18077816713705105,1.1578460602521534,0.5100568789556325,0.4142516140366246,-32.95860296807183,-27.233996164168193,-23.049643858153843,0.36935304904900423,-2.0396694999784732,-3.457121974974352,-4.0824613073942,0.0,5.808349017681038,9.964316754354005,0.6849457743643083,0.8797053411006768,0.809601315699461
73,0.8007785548314079,0.7188269239764977,0.4164706449999231,0.17633362652792098,1.1057522700577873,0.41469714615372755,0.5436783477324686,-38.5479630689314,-26.09086486118379,-23.96472888471644,0.6243324472836809,-1.391687876724771,-2.739233310603427,-3.8415422908745516,0.0,3.17757577572357,8.567914536843888,0.6473078108612421,0.8525532178130677,0.6773348387286084
74,0.7477070599553943,0.6607523717294523,0.4900135745853218,0.11186716331363414,1.0316654708050532,0.4289786987328995,0.550780125180313,-22.734147508080447,-17.524338035525318,-14.560962894036269,-0.5226678233569265,-0.23063357181233757,-2.931585632319087,-6.142027842477909,0.0,5.2436655557743554,8.898075746790834,0.6786190870162752,0.8771372701005562,0.7683482861833731
75,0.8187321958129699,0.7645616604761409,0.36317633735227545,0.13836510644057415,0.9865103578439182,0.5492764922819316,0.4382587256069166,-27.038761806911054,-33.67315311320665,-5.517631311939805,-0.6626979953617871,-0.9021128125329834,-3.260215991041022,-7.022187890869555,0.0,0.3327122940733584,3.6887422898136735,0.5491762926962281,0.9242675406260716,0.7900910537464041
76,0.9962332109667563,0.5903068948310287,0.38432421427169344,0.18154442925158965,1.0612124142651416,0.4191154005476615,0.5612393370519397,-23.91826612452666,-30.093020369404826,-7.4505848398740255,0.9844473585579363,-0.5215578976743513,-3.3639963488742524,-3.8833686797471705,0.0,2.0074047359012397,9.422195403956096,0.5617638144342778,0.9560780870357563,0.7383427047083427
77,1.0051743750310669,0.6698890581426175,0.5378880324811028,0.1688297877581583,0.7837115897470899,0.40411257461577965,0.4679522567813834,-23.71369619926253,-31.590977050858143,-20.02204410669203,-0.7657616437882284,-1.9335151916159985,-3.8527986025836842,-5.972379642544614,0.0,2.609570268004127,8.973907462901641,0.5190667748616621,0.8963788246481161,0.7311247805598551
78,0.9662368286429817,0.6389527915230523,0.3312303830389386,0.10779908824145185,0.9515628497451429,0.5058763417900919,0.571581475947792,-24.426771078733793,-28.562127301665427,-12.064458277109104,0.7724372406130868,-2.2453380864222816,-2.144593290505761,-3.5597085597333624,0.0,2.5131987334876693,8.392331256231026,0.5019941380221525,0.8500211342428605,0.7736536827568261
79,0.7378015437515822,0.6162518529655059,0.4419532350885788,0.15720870895470984,1.2249232476680882,0.42507896880053625,0.4010178683035027,-35.365607929612594,-34.069666106413,-20.62656554467866,-0.4822858965828327,-1.8839162864217252,-1.7387270457688828,-7.271811766757329,0.0,5.028834941022574,5.153916829235699,0.6690977751780132,0.9279271312636214,0.6807220210582033
80,0.7854181038725194,0.5759341443221844,0.47310207014510286,0.13741230606171506,1.1692471766654489,0.46228301845204983,0.5482314083346188,-26.00582305429085,-22.20485279512207,-5.319329119350176,0.32894785503584223,-2.9531766787631395,-3.43144676714888,-2.2448452650669664,0.0,5.729496620057847,9.046521247156358,0.6250858834115448,0.9127517939037537,0.8137782362212704
81,0.936458120294144,0.5572291931656373,0.312928228260232,0.10086541003419638,1.1245941159676534,0.46027864920230666,0.5913723258312302,-21.124281442488055,-30.433058467134614,-15.08859964362371,-0.7300878984359771,-0.04608233141669871,-3.0025237084747616,-5.434908826383237,0.0,1.3735878183642019,6.924476504355611,0.5866488113282832,0.8620474895694538,0.7996445425231192
82,0.7955724844852888,0.6853508489926599,0.42363579490460435,0.11849605914037542,1.2340657967291007,0.400568579042556,0.5360150140656,-22.92170160409387,-30.788035132536542,-22.31223565963961,-0.5548477476763592,-2.86775030932101,-4.83476314751414,-3.3830675745710526,0.0,3.6144788602786515,2.5919109664566604,0.5229124946147754,0.9413943389224868,0.7052218967072911
83,0.8673307127842314,0.6303045812615714,0.4128048041958378,0.17276904208690497,0.9784909486280495,0.525769717804102,0.4086847248666001,-36.68718097259055,-32.058840599274106,-11.20709622277216,0.041800027820901864,-1.456824644603822,-4.268820505057192,-6.536710769925316,0.0,2.6863737052256917,4.225974225208664,0.5937505889673017,0.906753383333486,0.7183242361674487
84,1.0256255474457603,0.73662982756395,0.37859476009299686,0.11340688367705806,1.000008303538374,0.48692949869915203,0.5682759950346958,-29.978519408742287,-16.73585317620931,-16.625417596722585,-0.14376495257561472,-0.49748239170423947,-3.9119926627766057,-7.660776171645384,0.0,1.6147990978099367,8.428780901496136,0.6225143009480615,0.8576788494296872,0.7637867602066364
85,0.7163767093915505,0.6046864051020937,0.5201003782488677,0.08361761941227208,0.8855094707865727,0.44369666303953936,0.437335698317696,-35.62109770045625,-25.620215684735896,-9.399138844866465,-0.5650058849791073,-1.6656830127007263,-3.6113299299934556,-6.728182427442798,0.0,2.2568519282126163,2.2674153067293963,0.6873102277828494,0.9609312741061969,0.7870273224164581
86,0.8947299820158999,0.6973325580540006,0.5195949505466385,0.17173784879390824,1.2180171222716667,0.49576869543670327,0.5343353990393556,-30.75892194046552,-28.80624953572768,-18.286366529741727,-0.7188958008658404,-0.3877494807794539,-3.1904613422513703,-4.334385023279697,0.0,4.7279249896657065,6.062676606432716,0.570489254265518,0.8710668378056048,0.727236735657981
87,0.9692158003922505,0.7309354601085181,0.3809582995569435,0.13098823705088192,0.7964969164575741,0.4425911604738897,0.5129612152618847,-31.727848262696348,-15.566225391677456,-20.871400315331833,0.49684140303544466,-2.3683519503240698,-4.30206990581785,-5.00945269991284,0.0,0.6615610442130943,4.96918850927059,0.5027582501221831,0.885607358984304,0.7224684102713483
88,1.0998475906581981,0.7657758366848102,0.47535755468791663,0.18548399344635688,0.8828108536686878,0.47914720532891086,0.403814172653819,-27.410270900257473,-17.91243168686483,-22.93723064557767,-0.47568150419137467,-0.3978068992030157,-3.705791286635152,-5.7207972852531075,0.0,2.8318489231117967,1.303293601469836,0.6919584864791736,0.9341377795407679,0.7665282919134717
89,1.032667891679631,0.5647336165992447,0.541836552729838,0.09559455736710037,0.7611754855844033,0.4660677596754842,0.45040504481584837,-35.47074184735429,-28.007125361021703,-13.633175821599579,0.5571281926131146,-1.325684408530206,-4.429646574510504,-2.055183360775758,0.0,1.4474646233235915,0.4093109330858531,0.5079358134629667,0.9425249310977463,0.6501952189465343
90,0.9914136122930728,0.7778840334879802,0.34854652075197595,0.09717315381190492,0.8066124617358433,0.46488915975978184,0.43155630284508806,-37.34586064770098,-33.825718182651755,-22.745439133970834,-0.6320712752927038,-1.9528828743361355,-3.832747141649366,-2.522751618887094,0.0,3.3853497050350887,1.9797517204053179,0.5895967016255197,0.9304714369070959,0.7978050475993228
91,0.723902489406547,0.5549809389101397,0.3919507537347735,0.145447432922314,1.0566124522048386,0.4354026621338016,0.5990329188052712,-33.35718154213266,-17.610861269635105,-14.76604000524546,-0.26936774162609123,-2.3093482963288774,-4.861004926540972,-5.143253640244809,0.0,2.10189487984158,6.135328954943694,0.5052975498077771,0.8938890904924175,0.6924176217283555
92,0.7552910464530833,0.7984840761420802,0.5253123091982641,0.08020759333422992,1.2012713174187708,0.43929511327112597,0.5757696981190127,-38.702761584875546,-20.28628605705925,-21.44736890203602,0.19160480433485882,-2.756183221143245,-2.5094170288871496,-4.846628582192133,0.0,4.092556640854317,2.1698428554578837,0.6155945243845444,0.86791519468834,0.6927383055617456
93,0.9111476975100086,0.6445103113154557,0.43575481847860625,0.19332810643943285,1.0225408367790645,0.5047778997366923,0.503686645771524,-36.19978650699545,-27.00482049192642,-20.277296703054034,0.6781959324546647,-0.15800626576321353,-2.522893263901831,-4.174147379025193,0.0,4.189376152631587,5.293495781686586,0.6921961596541818,0.9483313427661377,0.6582950197951498
94,0.8293033014325526,0.7901334548315679,0.4697425834972416,0.10281287317397081,0.9353276521695919,0.5116072824466399,0.5563079271651552,-28.84914569701242,-19.559626549678093,-6.960900834520682,-0.8234080918182859,-0.18091624248823246,-1.5662291056967024,-5.389539380152293,0.0,4.779874782571639,0.5844408614165573,0.6349382668739442,0.8758948132663591,0.8162970142009344
95,0.7114343916796455,0.7396687265793809,0.33732809058922525,0.09435011501708117,1.0143138228187043,0.49045669978971407,0.5225156168194047,-34.906008811942534,-17.09190466156585,-23.52158799551691,-0.1330087277709593,-0.6928229334354672,-1.1186328235628697,-5.7981008955278845,0.0,5.884206865922651,0.6174977837487489,0.6211843574870113,0.9497556045775404,0.7948791614175971
96,0.8081752150631489,0.6493474600097889,0.40179440059000915,0.17480877734755162,1.0761412643773172,0.4132983588089816,0.4283956196945184,-26.500272090624737,-18.154814208416646,-23.706503092114286,-0.9604004292021968,-1.7414055486026243,-2.826338469511935,-4.94785677282338,0.0,4.491775582497289,2.4652787224491317,0.6456390559437687,0.9285548343081637,0.7164601907695584
97,0.9777468695569295,0.7527631951996354,0.409626334197977,0.13957897886016113,1.0492060185310748,0.4336137099664372,0.4748001228922695,-36.464669523498074,-31.032504851242443,-7.162232715904871,-0.3408296941204909,-0.2547050890182887,-1.1337508140758001,-5.074725782273622,0.0,2.421073375647678,0.776481200061113,0.5264882381501711,0.8902391649068612,0.707006709598775
98,0.9258356631021534,0.5945777816803123,0.30647518973839577,0.16541300789892438,0.8759258967247678,0.49831354660345334,0.5386722599370588,-32.02794362275621,-25.259032335391364,-7.98219159898499,0.6537780290490594,-1.6132675232197595,-1.7074167372385665,-2.846112795169933,0.0,3.4536224337580723,3.2841120064504326,0.5825672022992111,0.8784908758306924,0.653987412886043
99,0.7030958241942238,0.6528093845091258,0.4652261018174603,0.19053692488542037,0.9071648624643388,0.4551302568445004,0.4337212608027923,-34.41289161123147,-24.321698631663114,-22.13940707423254,-0.4150860051401004,-0.55158515232573,-3.9987572159972062,-5.874254067711845,0.0,5.215616939983951,6.499822848111785,0.6703206762498857,0.8950332293737627,0.6726248724304551
